Item number,Title,Variation details,Custom label (SKU),Available quantity,Format,Currency,Start price,Auction Buy It Now price,Reserve price,Current price,Sold quantity,Watchers,Bids,Start date,End date,eBay category 1 name,eBay category 1 number,eBay category 2 name,eBay category 2 number,Condition,CD:Professional Grader - (ID: 27501),CD:Grade - (ID: 27502),CDA:Certification Number - (ID: 27503),CD:Card Condition - (ID: 40001),eBay Product ID(ePID),Listing site,P:UPC,P:EAN,P:ISBN
"165961869022",Breitling Aviator 8 B01 Curtis Warhawk 43mm AB01192A1L1A1 Stainless  Watch,,11501,"1","FIXED_PRICE","USD",6513.0,,,6513.0,"0","4","0","Feb-28-23 12:39:53 PST","Aug-28-26 12:39:53 PDT","Wristwatches","31387","","","Pre-owned - Good","","","","","","US","","",""
"186047079907",Hublot Classic Fusion Chronograph 42mm 541.NX.7170.LR Titanium Men's Watch,,12318,"1","FIXED_PRICE","USD",8231.0,,,8231.0,"0","2","0","Aug-23-23 10:21:55 PDT","Aug-23-26 10:21:55 PDT","Wristwatches","31387","","","Pre-owned - Good","","","","","","US","","",""
"167357101406",Hermes Arceau 38mm AR7.C93 18K White Gold Unisex Watch,,14927,"1","FIXED_PRICE","USD",29655.0,,,29655.0,"0","7","0","Mar-05-25 09:20:03 PST","Aug-05-26 09:20:03 PDT","Wristwatches","31387","","","Pre-owned - Good","","","","","","US","","",""
"156791833761",Hermes Cape Cod 37mm CC3.771 18K Rose Gold Women's Watch,,14972,"1","FIXED_PRICE","USD",15235.0,,,15235.0,"0","8","0","Mar-13-25 07:27:20 PDT","Aug-13-26 07:27:20 PDT","Wristwatches","31387","","","Pre-owned - Good","","","","","","US","","",""
"167435437764",Hublot Big Bang 38mm 361.CM.7170.LR.1204 Stainless Steel Unisex Watch,,15191,"1","FIXED_PRICE","USD",8025.0,,,8025.0,"0","3","0","Apr-07-25 08:09:04 PDT","Aug-07-26 08:09:04 PDT","Wristwatches","31387","","","Pre-owned - Good","","","","","","US","","",""
"156946566518",Hermes Galop d'Hermès 32mm GA!.171 18K Rose Gold Women's Watch,,15268,"1","FIXED_PRICE","USD",11800.0,,,11800.0,"0","8","0","May-01-25 14:32:06 PDT","Sep-01-26 14:32:06 PDT","Wristwatches","31387","","","Pre-owned - Good","","","","","","US","","",""
"187619570692",Cartier Baignoire 33x44mm WB520009 18K White Gold Women's Watch,,16607,"1","FIXED_PRICE","USD",21930.0,,,21930.0,"0","3","0","Oct-03-25 08:14:20 PDT","Sep-03-26 08:14:20 PDT","Wristwatches","31387","","","Pre-owned - Good","","","","","","US","","",""
"157408229153",Hermes Arceau 38mm AR7.C93 18K White Gold Unisex Watch,,15439,"1","FIXED_PRICE","USD",19355.0,,,19355.0,"0","4","0","Oct-21-25 13:39:59 PDT","Aug-21-26 13:39:59 PDT","Wristwatches","31387","","","Pre-owned - Good","","","","","","US","","",""
"157408258510",Cartier Baignoire 33x44mm WB520009 18K White Gold Women's Watch,,16607,"1","FIXED_PRICE","USD",21930.0,,,21930.0,"0","1","","Oct-21-25 14:06:41 PDT","Aug-21-26 14:06:41 PDT","Wristwatches","31387","","","Pre-owned - Good","","","","","","US","","",""
"187760269727",Hublot Big Bang Snow Leopard 41mm 341.SX.7717.NR.1977 Stainless Unisex Watch,,16899,"1","FIXED_PRICE","USD",13175.0,,,13175.0,"0","1","0","Nov-20-25 09:31:47 PST","Aug-20-26 09:31:47 PDT","Wristwatches","31387","","","Pre-owned - Good","","","","","","US","","",""
"167947317803",Piaget $20 Double Eagle Coin 34.5mm Vintage 18K Yellow Gold Men's Watch,,16917,"1","FIXED_PRICE","USD",10497.0,,,10497.0,"0","35","0","Nov-21-25 09:32:22 PST","Aug-21-26 09:32:22 PDT","Wristwatches","31387","","","Pre-owned - Good","","","","","","US","","",""
"168023435333",Hermes Heure H  17.2mm W054799WW00  18K Rose Gold Women's Watch,,17104,"1","FIXED_PRICE","USD",12000.0,,,12000.0,"0","","","Dec-22-25 10:18:57 PST","Aug-22-26 10:18:57 PDT","Wristwatches","31387","","","Pre-owned - Good","","","","","","US","","",""
"168023438951",Hermes Vintage 18mm Me2.171 18K Rose Gold Women's Watch,,16991,"1","FIXED_PRICE","USD",16295.0,,,16295.0,"0","4","0","Dec-22-25 10:21:35 PST","Aug-22-26 10:21:35 PDT","Wristwatches","31387","","","Pre-owned - Good","","","","","","US","","",""
"187869461885",Hermes Heure 21.5x30mm HH4.273 18K Rose Gold Women's Watch,,16977,"1","FIXED_PRICE","USD",13000.0,,,13000.0,"0","","","Dec-22-25 10:22:11 PST","Aug-22-26 10:22:11 PDT","Wristwatches","31387","","","Pre-owned - Good","","","","","","US","","",""
"187869462593",Hermes Heure H 30x35mm HH1.571e 18K Rose Gold Women's Watch,,16972,"1","FIXED_PRICE","USD",10085.0,,,10085.0,"0","4","0","Dec-22-25 10:22:34 PST","Aug-22-26 10:22:34 PDT","Wristwatches","31387","","","Pre-owned - Good","","","","","","US","","",""
"168087742969",Cartier Ballon Bleu 36mm WE900651 18K White Gold Women's Watch,,17140,"1","FIXED_PRICE","USD",15235.0,,,15235.0,"0","","","Jan-16-26 10:22:18 PST","Aug-16-26 10:22:18 PDT","Wristwatches","31387","","","Pre-owned - Good","","","","","","US","","",""
"188018859194",Panerai Luminor Marina 44mm PAM01058 Stainless Steel Men's Watch,,17302,"1","FIXED_PRICE","USD",7655.0,,,7655.0,"0","5","0","Feb-02-26 08:34:44 PST","Sep-02-26 08:34:44 PDT","Wristwatches","31387","","","Pre-owned - Good","","","","","","US","","",""
"188018859365",Cartier Ballon Bleu 42mm WE9009Z3 18K White Gold Unisex Watch,,17305,"1","FIXED_PRICE","USD",30170.0,,,30170.0,"0","2","0","Feb-02-26 08:35:08 PST","Sep-02-26 08:35:08 PDT","Wristwatches","31387","","","Pre-owned - Good","","","","","","US","","",""
"157657118544",Zenith Grande Class 44mm 18.0520.679 18K Rose Gold Men's Watch,,17308,"1","FIXED_PRICE","USD",15235.0,,,15235.0,"0","2","0","Feb-03-26 07:08:47 PST","Sep-03-26 07:08:47 PDT","Wristwatches","31387","","","Pre-owned - Good","","","","","","US","","",""
"188029269791",Cartier Captive 35mm WG600012 18K White Gold Women's Watch,,17337,"1","FIXED_PRICE","USD",17295.0,,,17295.0,"0","","","Feb-05-26 10:46:56 PST","Aug-05-26 10:46:56 PDT","Wristwatches","31387","","","Pre-owned - Good","","","","","","US","","",""
"188029270278",Cartier Panthere 27mmx37mm WSPN0007 Stainless Steel Women's Watch,,17343,"1","FIXED_PRICE","USD",7855.0,,,7855.0,"0","3","0","Feb-05-26 10:47:39 PST","Aug-05-26 10:47:39 PDT","Wristwatches","31387","","","Pre-owned - Good","","","","","","US","","",""
"157662021307",Cartier Ballon Bleu 37mm WJBB0028 18K White Gold Women's Watch,,17371,"1","FIXED_PRICE","USD",16265.0,,,16265.0,"0","4","0","Feb-05-26 10:51:16 PST","Aug-05-26 10:51:16 PDT","Wristwatches","31387","","","Pre-owned - Good","","","","","","US","","",""
"157662022197",Cartier Baignoire 33x44mm WB520009 18K White Gold Women's Watch,,17379,"1","FIXED_PRICE","USD",22960.0,,,22960.0,"0","1","0","Feb-05-26 10:52:12 PST","Aug-05-26 10:52:12 PDT","Wristwatches","31387","","","Pre-owned - Good","","","","","","US","","",""
"188029292209",Cartier Captive 27mm  WG600008 18K White Gold Women's Watch,,17382,"1","FIXED_PRICE","USD",10806.0,,,10806.0,"0","1","0","Feb-05-26 10:52:34 PST","Aug-05-26 10:52:34 PDT","Wristwatches","31387","","","Pre-owned - Good","","","","","","US","","",""
"168137509852",Hermes Faubourg 15.5mm  W049098WW00 18K Rose Gold Women's Watch,,17383,"1","FIXED_PRICE","USD",12145.0,,,12145.0,"0","5","0","Feb-05-26 10:52:44 PST","Aug-05-26 10:52:44 PDT","Wristwatches","31387","","","Pre-owned - Good","","","","","","US","","",""
"188029292770",Hermes Faubourg 15.5mm  W049098WW00 18K Rose Gold Women's Watch,,17388,"1","FIXED_PRICE","USD",13175.0,,,13175.0,"0","3","0","Feb-05-26 10:53:13 PST","Aug-05-26 10:53:13 PDT","Wristwatches","31387","","","Pre-owned - Good","","","","","","US","","",""
"168147412275",Patek Philippe Calatrava 35.5mm 3588/7G 18K White Gold Women's Watch,,17397,"1","FIXED_PRICE","USD",28934.0,,,28934.0,"0","4","0","Feb-09-26 07:21:21 PST","Aug-09-26 07:21:21 PDT","Wristwatches","31387","","","Pre-owned - Good","","","","","","US","","",""
"157737438835",Hermes Arceau Harnais Français Remix 38mm 052811WW00 18K White Gold Watch,,17588,"1","FIXED_PRICE","USD",27595.0,,,27595.0,"0","8","0","Mar-09-26 08:22:42 PDT","Aug-09-26 08:22:42 PDT","Wristwatches","31387","","","Pre-owned - Good","","","","","","US","","",""
"168220941159",Cartier Baignoire 44x34mm WB520003 18K Rose Gold Women's Watch,,17565,"1","FIXED_PRICE","USD",44590.0,,,44590.0,"0","4","0","Mar-10-26 07:46:12 PDT","Aug-10-26 07:46:12 PDT","Wristwatches","31387","","","Pre-owned - Good","","","","","","US","","",""
"157739887612",Cartier Captive 35mm WG600012 18K White Gold Women's Watch,,17496,"1","FIXED_PRICE","USD",15750.0,,,15750.0,"0","2","0","Mar-10-26 08:21:43 PDT","Aug-10-26 08:21:43 PDT","Wristwatches","31387","","","Pre-owned - Good","","","","","","US","","",""
"168220996928",Jaeger-LeCoultre Reverso Memory 23x39mm 255.8.82  Stainless Steel Men's Watch,,17483,"1","FIXED_PRICE","USD",8334.0,,,8334.0,"0","11","0","Mar-10-26 08:23:52 PDT","Aug-10-26 08:23:52 PDT","Wristwatches","31387","","","Pre-owned - Good","","","","","","US","","",""
"157745619041",Van Cleef and Arpels Arceau H 21mm AR6.173 18K Rose Gold Women's Watch,,17647,"1","FIXED_PRICE","USD",9570.0,,,9570.0,"0","2","0","Mar-12-26 06:53:34 PDT","Aug-12-26 06:53:34 PDT","Wristwatches","31387","","","Pre-owned - Good","","","","","","US","","",""
"188150785094",Cartier Tank Louis XL 39.2mmx30.0mm W1560003 18K Rose Gold Men's Watch,,17663,"1","FIXED_PRICE","USD",15235.0,,,15235.0,"0","10","0","Mar-12-26 09:23:24 PDT","Aug-12-26 09:23:24 PDT","Wristwatches","31387","","","Pre-owned - Good","","","","","","US","","",""
"168230085139",Hermes Kelly 17mm KE4.171 18K Rose Gold Women's Watch,,17680,"1","FIXED_PRICE","USD",25535.0,,,25535.0,"0","1","0","Mar-13-26 08:03:35 PDT","Aug-13-26 08:03:35 PDT","Wristwatches","31387","","","Pre-owned - Good","","","","","","US","","",""
"188169370615",Hermes Heure H 21x30mm HH4.272 18K Rose Gold Women's Watch,,17665,"1","FIXED_PRICE","USD",10394.0,,,10394.0,"0","1","0","Mar-16-26 07:15:54 PDT","Aug-16-26 07:15:54 PDT","Wristwatches","31387","","","Pre-owned - Good","","","","","","US","","",""
"157760178827",Franck Muller Master of Complications 32x40mm 6002 M QZ 18K White Gold Watch,,17695,"1","FIXED_PRICE","USD",10600.0,,,10600.0,"0","","","Mar-16-26 10:00:01 PDT","Aug-16-26 10:00:01 PDT","Wristwatches","31387","","","Pre-owned - Good","","","","","","US","","",""
"157760179959",Corum Coin 35mm  18K Yellow Gold Men's Watch,,17697,"1","FIXED_PRICE","USD",10085.0,,,10085.0,"0","1","0","Mar-16-26 10:00:42 PDT","Aug-16-26 10:00:42 PDT","Wristwatches","31387","","","Pre-owned - Good","","","","","","US","","",""
"188203948586",Omega Speedmaster Moonphase 44.25mm 304.33.44.52.03.001 Stainless  Watch,,17737,"1","FIXED_PRICE","USD",8540.0,,,8540.0,"0","3","0","Mar-24-26 09:50:14 PDT","Aug-24-26 09:50:14 PDT","Wristwatches","31387","","","Pre-owned - Good","","","","","","US","","",""
"168264757800",Patek Philippe Calatrava 31mm 7120G-001 18K White Gold Women's Watch,,17756,"1","FIXED_PRICE","USD",16265.0,,,16265.0,"0","4","0","Mar-26-26 10:58:12 PDT","Aug-26-26 10:58:12 PDT","Wristwatches","31387","","","Pre-owned - Good","","","","","","US","","",""
"168279303528",Cartier Tankissime  W650037h 18K Yellow Gold Women's Watch,,17768,"1","FIXED_PRICE","USD",19870.0,,,19870.0,"0","2","0","Apr-01-26 09:47:05 PDT","Sep-01-26 09:47:05 PDT","Wristwatches","31387","","","Pre-owned - Good","","","","","","US","","",""
"188254416660",Cartier Captive 50mm WG600004 18K White Gold Women's Watch,,17816,"1","FIXED_PRICE","USD",27595.0,,,27595.0,"0","2","0","Apr-07-26 12:18:54 PDT","Aug-07-26 12:18:54 PDT","Wristwatches","31387","","","Pre-owned - Good","","","","","","US","","",""
"188263304773",Cartier Ronde Louis 42mm WR007001 18K Rose Gold Unisex Watch,,17778,"1","FIXED_PRICE","USD",15235.0,,,15235.0,"0","2","0","Apr-10-26 06:33:01 PDT","Aug-10-26 06:33:01 PDT","Wristwatches","31387","","","Pre-owned - Good","","","","","","US","","",""
"188285228122",Cartier Tonneau  26.5x46.6mm WE400451 18K Rose Gold Women's Watch,,17852,"1","FIXED_PRICE","USD",29140.0,,,29140.0,"0","3","0","Apr-16-26 13:50:43 PDT","Aug-16-26 13:50:43 PDT","Wristwatches","31387","","","Pre-owned - Good","","","","","","US","","",""
"157870996670",Hublot Bing Bang 38mm 361.pr.2010.lr.1913 18K Rose Gold Men's Watch,,17930,"1","FIXED_PRICE","USD",16265.0,,,16265.0,"0","1","0","Apr-29-26 13:04:23 PDT","Aug-29-26 13:04:23 PDT","Wristwatches","31387","","","Pre-owned - Good","","","","","","US","","",""
"168343090190",Tudor Submariner 39mm 7021/0 Stainless Steel Men's Watch,,17931,"1","FIXED_PRICE","USD",16265.0,,,16265.0,"0","4","0","Apr-30-26 06:46:53 PDT","Aug-30-26 06:46:53 PDT","Wristwatches","31387","","","Pre-owned - Good","","","","","","US","","",""
"157873946707",Omega Seamaster Diver 42mm 210.30.42.20.03.002 Stainless Steel Men's Watch,,17948,"1","FIXED_PRICE","USD",9570.0,,,9570.0,"0","","","Apr-30-26 13:50:32 PDT","Aug-30-26 13:50:32 PDT","Wristwatches","31387","","","Pre-owned - Good","","","","","","US","","",""
"157884464811",Bulgari/Bvlgari Classic  30mm BB 30 GL 18K Yellow Gold Women's Watch,,17983,"1","FIXED_PRICE","USD",5512.0,,,5512.0,"0","2","0","May-04-26 12:26:47 PDT","Aug-04-26 12:26:47 PDT","Wristwatches","31387","","","Pre-owned - Good","","","","","","US","","",""
"188352031320",Cartier Dumont 32x38mm W2009251 18K Rose Gold Unisex Watch,,18037,"1","FIXED_PRICE","USD",9467.0,,,9467.0,"0","","","May-05-26 12:45:27 PDT","Aug-05-26 12:45:27 PDT","Wristwatches","31387","","","Pre-owned - Good","","","","","","US","","",""
"168355523094",Patek Philippe Calatrava 31mm 7120G-001 18K White Gold Women's Watch,,18010,"1","FIXED_PRICE","USD",16780.0,,,16780.0,"0","2","0","May-05-26 12:50:14 PDT","Aug-05-26 12:50:14 PDT","Wristwatches","31387","","","Pre-owned - Good","","","","","","US","","",""
"157887327793",Cartier Ronde Louis 42mm WR007001 18K Rose Gold Unisex Watch,,18047,"1","FIXED_PRICE","USD",15235.0,,,15235.0,"0","","","May-05-26 13:29:11 PDT","Aug-05-26 13:29:11 PDT","Wristwatches","31387","","","Pre-owned - Good","","","","","","US","","",""
"157889894168",Bulgari/Bvlgari Astrale Cerchi  36mm AE36D2CBL 18K Yellow Gold Women's Watch,,18074,"1","FIXED_PRICE","USD",19355.0,,,19355.0,"0","0","0","May-06-26 11:30:00 PDT","Aug-06-26 11:30:00 PDT","Wristwatches","31387","","","Pre-owned - Good","","","","","","US","","",""
"168375791050",Harry Winston Ocean Bi-Retro Day-Date 38mm 400/UAB136W 18K White Gold Watch,,18105,"1","FIXED_PRICE","USD",19355.0,,,19355.0,"0","1","0","May-14-26 13:42:30 PDT","Aug-14-26 13:42:30 PDT","Wristwatches","31387","","","Pre-owned - Good","","","","","","US","","",""
"188383405239",Cartier Baignoire 44x34mm W8000021 18K Rose Gold Women's Watch,,18102,"1","FIXED_PRICE","USD",21518.0,,,21518.0,"0","4","0","May-14-26 13:45:05 PDT","Aug-14-26 13:45:05 PDT","Wristwatches","31387","","","Pre-owned - Good","","","","","","US","","",""
"168377774187",Cartier Tortue 22X31mm  18K Yellow Gold Women's Watch,,18089,"1","FIXED_PRICE","USD",39440.0,,,39440.0,"0","3","0","May-15-26 09:57:40 PDT","Aug-15-26 09:57:40 PDT","Wristwatches","31387","","","Pre-owned - Good","","","","","","US","","",""
"157923901473",Chopard  L.U.C Classic Mark III 39.5mm 168500-3001 Stainless Steel Men's Watch,,18140,"1","FIXED_PRICE","USD",6258.0,,,6258.0,"0","9","0","May-19-26 08:37:19 PDT","Aug-19-26 08:37:19 PDT","Wristwatches","31387","","","Pre-owned - Good","","","","","","US","","",""
"188399857251",Bulgari/Bvlgari Alveare 18mm BJ 02  18K White Gold Women's Watch,,18155,"1","FIXED_PRICE","USD",16780.0,,,16780.0,"0","2","0","May-19-26 08:39:31 PDT","Aug-19-26 08:39:31 PDT","Wristwatches","31387","","","Pre-owned - Good","","","","","","US","","",""
"188399857520",Cartier Tank Louis 40X35mm WT200006 18K White Gold Unisex Watch,,18159,"1","FIXED_PRICE","USD",16325.0,,,16325.0,"0","1","0","May-19-26 08:39:56 PDT","Aug-19-26 08:39:56 PDT","Wristwatches","31387","","","Pre-owned - Good","","","","","","US","","",""
"188399857784",cartier Laniere  WJ2005W3 18K White Gold Women's Watch,,18162,"1","FIXED_PRICE","USD",18840.0,,,18840.0,"0","5","0","May-19-26 08:40:22 PDT","Aug-19-26 08:40:22 PDT","Wristwatches","31387","","","Pre-owned - Good","","","","","","US","","",""
"168386569514",Piaget Altiplano 38mm P10763 18K Rose Gold Unisex Watch,,18168,"1","FIXED_PRICE","USD",15235.0,,,15235.0,"0","1","0","May-19-26 08:56:18 PDT","Aug-19-26 08:56:18 PDT","Wristwatches","31387","","","Pre-owned - Good","","","","","","US","","",""
"188400452177",Cartier Baignoire 44x34mm WB520003 18K Rose Gold Women's Watch,,17623,"1","FIXED_PRICE","USD",40470.0,,,40470.0,"0","0","0","May-19-26 13:01:57 PDT","Aug-19-26 13:01:57 PDT","Wristwatches","31387","","","Pre-owned - Good","","","","","","US","","",""
"157926869793",Patek Philippe Gondolo 25mm 4866/1J 18K Yellow Gold Women's Watch,,18197,"1","FIXED_PRICE","USD",19355.0,,,19355.0,"0","3","0","May-20-26 09:20:33 PDT","Aug-20-26 09:20:33 PDT","Wristwatches","31387","","","Pre-owned - Good","","","","","","US","","",""
"157927294663",Cartier Tonneau  26mm WE400831 18K White Gold Women's Watch,,18223,"1","FIXED_PRICE","USD",22960.0,,,22960.0,"0","1","0","May-20-26 13:08:40 PDT","Aug-20-26 13:08:40 PDT","Wristwatches","31387","","","Pre-owned - Good","","","","","","US","","",""
"168389694250",Chopard Happy Diamonds 25.8mm 4527 18K Rose Gold Women's Watch,,18187,"1","FIXED_PRICE","USD",6258.0,,,6258.0,"0","4","0","May-20-26 13:12:09 PDT","Aug-20-26 13:12:09 PDT","Wristwatches","31387","","","Pre-owned - Good","","","","","","US","","",""
"157929755743",Cartier Ballon Bleu 36mm WE900651 18K White Gold Women's Watch,,16976,"1","FIXED_PRICE","USD",17295.0,,,17295.0,"0","1","0","May-21-26 09:16:32 PDT","Aug-21-26 09:16:32 PDT","Wristwatches","31387","","","Pre-owned - Good","","","","","","US","","",""
"188435751183",Piaget Polo 34mm 7661C701 18K Yellow Gold Men's Watch,,18261,"1","FIXED_PRICE","USD",33260.0,,,33260.0,"0","9","0","May-28-26 08:53:45 PDT","Aug-28-26 08:53:45 PDT","Wristwatches","31387","","","Pre-owned - Good","","","","","","US","","",""
"157949401574",Piaget Dancer 32mm 84023 K81 18K White Gold Unisex Watch,,18262,"1","FIXED_PRICE","USD",15235.0,,,15235.0,"0","","","May-28-26 08:53:54 PDT","Aug-28-26 08:53:54 PDT","Wristwatches","31387","","","Pre-owned - Good","","","","","","US","","",""
"168413310861",Cartier Diabolo 33mm W1507651 18K Yellow Gold Women's Watch,,18298,"1","FIXED_PRICE","USD",9570.0,,,9570.0,"0","1","0","May-29-26 09:23:29 PDT","Aug-29-26 09:23:29 PDT","Wristwatches","31387","","","Pre-owned - Good","","","","","","US","","",""
"157952300200",Cartier Pasha 38mm W3014356 18K Yellow Gold Unisex Watch,,18299,"1","FIXED_PRICE","USD",14205.0,,,14205.0,"0","1","0","May-29-26 09:23:46 PDT","Aug-29-26 09:23:46 PDT","Wristwatches","31387","","","Pre-owned - Good","","","","","","US","","",""
"157967316676",Patek Philippe Complications Annual Calendar 38mm 4948R-001 18K Gold Watch,,18350,"1","FIXED_PRICE","USD",69825.0,,,69825.0,"0","2","0","Jun-03-26 13:25:22 PDT","Aug-03-26 13:25:22 PDT","Wristwatches","31387","","","Pre-owned - Good","","","","","","US","","",""
"188467256035",Cartier Dumont 38.5x30.3mm W2009251 18K Rose Gold Unisex Watch,,18317,"1","FIXED_PRICE","USD",10446.0,,,10446.0,"0","","","Jun-04-26 11:45:37 PDT","Aug-04-26 11:45:37 PDT","Wristwatches","31387","","","Pre-owned - Good","","","","","","US","","",""
"188467257326",Cartier Santos Dumont 38x30mm W2009251 18K Rose Gold Men's Watch,,18325,"1","FIXED_PRICE","USD",10085.0,,,10085.0,"0","5","0","Jun-04-26 11:46:31 PDT","Aug-04-26 11:46:31 PDT","Wristwatches","31387","","","Pre-owned - Good","","","","","","US","","",""
"188467409589",Patek Philippe Calatrava 31mm 7120R-001 18K Rose Gold Women's Watch,,18359,"1","FIXED_PRICE","USD",17295.0,,,17295.0,"0","1","0","Jun-04-26 12:30:01 PDT","Aug-04-26 12:30:01 PDT","Wristwatches","31387","","","Pre-owned - Good","","","","","","US","","",""
"168431019617",Patek Philippe Gondolo 28mm 4868G 18K White Gold Women's Watch,,18356,"1","FIXED_PRICE","USD",11167.0,,,11167.0,"0","1","0","Jun-04-26 12:30:47 PDT","Aug-04-26 12:30:47 PDT","Wristwatches","31387","","","Pre-owned - Good","","","","","","US","","",""
"157972123457",Patek Philippe Complications Travel Time 35mm 7134G-001 18K White Gold Watch,,18358,"1","FIXED_PRICE","USD",19664.0,,,19664.0,"0","10","0","Jun-05-26 07:11:42 PDT","Aug-05-26 07:11:42 PDT","Wristwatches","31387","","","Pre-owned - Good","","","","","","US","","",""
"168433051953",Cartier Tank Solo 41x31mm W5200026 18K Rose Gold Unisex Watch,,18363,"1","FIXED_PRICE","USD",9055.0,,,9055.0,"0","4","0","Jun-05-26 07:12:39 PDT","Aug-05-26 07:12:39 PDT","Wristwatches","31387","","","Pre-owned - Good","","","","","","US","","",""
"188470018043",Van Cleef and Arpels Alhambra Talisman 40mm VCARO30200 18K Gold Watch,,18365,"1","FIXED_PRICE","USD",19664.0,,,19664.0,"0","1","0","Jun-05-26 07:12:52 PDT","Aug-05-26 07:12:52 PDT","Wristwatches","31387","","","Pre-owned - Good","","","","","","US","","",""
"168433056172",Bulgari/Bvlgari Serpenti Spiga 35×23mm SPC35WG Ceramic Women's Watch,,18381,"1","FIXED_PRICE","USD",10188.0,,,10188.0,"0","8","0","Jun-05-26 07:16:10 PDT","Aug-05-26 07:16:10 PDT","Wristwatches","31387","","","Pre-owned - Good","","","","","","US","","",""
"157984146802",Cartier Roadster 44x38.5mm W62031Y4 Stainless Steel Unisex Watch,,18420,"1","FIXED_PRICE","USD",8128.0,,,8128.0,"0","4","0","Jun-09-26 06:23:28 PDT","Aug-09-26 06:23:28 PDT","Wristwatches","31387","","","Pre-owned - Good","","","","","","US","","",""
"168444234826",Cartier Tank Solo 31x24mm W5200002 18K Yellow Gold Women's Watch,,18423,"1","FIXED_PRICE","USD",6684.0,,,6684.0,"0","1","0","Jun-09-26 06:26:04 PDT","Aug-09-26 06:26:04 PDT","Wristwatches","31387","","","USED","","","","","","US","","",""
"188488009765",Cartier Tank Solo 24x31mm W5200024 18K Gold/Stainless  Watch+,,18395,"1","FIXED_PRICE","USD",7163.0,,,7163.0,"0","2","0","Jun-09-26 06:26:29 PDT","Aug-09-26 06:26:29 PDT","Wristwatches","31387","","","Pre-owned - Good","","","","","","US","","",""
"188488043082",Zenith El Primero 21 44mm El Primero 21 Titanium Men's Watch,,18403,"1","FIXED_PRICE","USD",10343.0,,,10343.0,"0","2","0","Jun-09-26 06:30:09 PDT","Aug-09-26 06:30:09 PDT","Wristwatches","31387","","","Pre-owned - Good","","","","","","US","","",""
"168444250102",Cartier Tortue XL  48X38mm W1546051 18K Rose Gold Men's Watch,,18401,"1","FIXED_PRICE","USD",19870.0,,,19870.0,"0","3","0","Jun-09-26 06:30:22 PDT","Aug-09-26 06:30:22 PDT","Wristwatches","31387","","","Pre-owned - Good","","","","","","US","","",""
"188488053525",Cartier Panthere 27mmx37mm WSPN0007 Stainless Steel Women's Watch,,18393,"1","FIXED_PRICE","USD",6258.0,,,6258.0,"0","1","0","Jun-09-26 06:31:57 PDT","Aug-09-26 06:31:57 PDT","Wristwatches","31387","","","Pre-owned - Good","","","","","","US","","",""
"168447562789",Cartier Tank Solo Small 30.0x23.0mm W1018755 18K Yellow Gold Women's Watch,,18446,"1","FIXED_PRICE","USD",7589.0,,,7589.0,"0","2","0","Jun-10-26 09:13:13 PDT","Aug-10-26 09:13:13 PDT","Wristwatches","31387","","","Pre-owned - Good","","","","","","US","","",""
"157990302820",IWC Portuguese 7 - Days 42.5mm IW500101 18K Rose Gold Men's Watch,,18455,"1","FIXED_PRICE","USD",14411.0,,,14411.0,"0","2","0","Jun-11-26 07:19:13 PDT","Aug-11-26 07:19:13 PDT","Wristwatches","31387","","","Pre-owned - Good","","","","","","US","","",""
"168453716465",Blancpain  Fifty Fathoms X Fathoms 55.65mm 5018-1230-64A Titanium Men's Watch,,18467,"1","FIXED_PRICE","USD",31200.0,,,31200.0,"0","5","0","Jun-12-26 13:07:51 PDT","Aug-12-26 13:07:51 PDT","Wristwatches","31387","","","Pre-owned - Good","","","","","","US","","",""
"168468091113",Vacheron Constantin Patrimony 41mm 43175/000R-B519 18K Rose Gold Men's Watch,,18471,"1","FIXED_PRICE","USD",45105.0,,,45105.0,"0","2","0","Jun-17-26 10:36:39 PDT","Aug-17-26 10:36:39 PDT","Wristwatches","31387","","","Pre-owned - Good","","","","","","US","","",""
"188525673614",Breitling Avenger B01 Chronograph 44mm AB0147101A1A1 Stainless Steel Men's Watch,,18483,"1","FIXED_PRICE","USD",5319.0,,,5319.0,"0","","","Jun-17-26 12:48:22 PDT","Aug-17-26 12:48:22 PDT","Wristwatches","31387","","","Pre-owned - Good","","","","","","US","","",""
"158007933951",Breitling Avenger B01 Chronograph 44mm AB0147101L1A1 Stainless Steel Men's Watch,,18486,"1","FIXED_PRICE","USD",5319.0,,,5319.0,"0","","","Jun-17-26 13:27:32 PDT","Aug-17-26 13:27:32 PDT","Wristwatches","31387","","","Pre-owned - Good","","","","","","US","","",""
"168468495823",Breitling Avenger B01 Chronograph 44mm AB0147101C1A1 Stainless Steel Men's Watch,,18478,"1","FIXED_PRICE","USD",5319.0,,,5319.0,"0","","","Jun-17-26 13:27:53 PDT","Aug-17-26 13:27:53 PDT","Wristwatches","31387","","","Pre-owned - Good","","","","","","US","","",""
"188525775681",Breitling Avenger B01 Chronograph 44mm AB0147101L1A1 Stainless Steel Men's Watch,,18479,"1","FIXED_PRICE","USD",5319.0,,,5319.0,"0","","","Jun-17-26 13:27:55 PDT","Aug-17-26 13:27:55 PDT","Wristwatches","31387","","","Pre-owned - Good","","","","","","US","","",""
"158007934948",Breitling Avenger B01 Chronograph 44mm AB0147101B1A1 Stainless Steel Men's Watch,,18484,"1","FIXED_PRICE","USD",5319.0,,,5319.0,"0","","","Jun-17-26 13:28:03 PDT","Aug-17-26 13:28:03 PDT","Wristwatches","31387","","","Pre-owned - Good","","","","","","US","","",""
"168470881755",Breguet Reine de Naples 24mm 8928BB/8D/844.DD0D 18K White Gold Women's Watch,,18491,"1","FIXED_PRICE","USD",30685.0,,,30685.0,"0","2","0","Jun-18-26 08:33:12 PDT","Aug-18-26 08:33:12 PDT","Wristwatches","31387","","","Pre-owned - Good","","","","","","US","","",""
"188530029769",Cartier Diabolo Mini 20mm  W1511556 18K Yellow Gold Women's Watch,,18499,"1","FIXED_PRICE","USD",8283.0,,,8283.0,"0","5","0","Jun-18-26 12:15:07 PDT","Aug-18-26 12:15:07 PDT","Wristwatches","31387","","","Pre-owned - Good","","","","","","US","","",""
"158011669655",Cartier Revelation D'une Panthere 37mm HPI01261 18K Rose Gold Unisex Watch,,18518,"1","FIXED_PRICE","USD",93000.0,,,93000.0,"0","1","0","Jun-19-26 08:42:23 PDT","Aug-19-26 08:42:23 PDT","Wristwatches","31387","","","Pre-owned - Good","","","","","","US","","",""
"188534188515",Cartier Baignoire 32x43mm WB520005 18K Rose Gold Women's Watch,,18500,"1","FIXED_PRICE","USD",21930.0,,,21930.0,"0","4","0","Jun-19-26 10:35:32 PDT","Aug-19-26 10:35:32 PDT","Wristwatches","31387","","","Pre-owned - Good","","","","","","US","","",""
"158011809727",Cartier Tank Louis XL 40x32mm W1560017 18K Rose Gold Men's Watch,,18507,"1","FIXED_PRICE","USD",14364.0,,,14364.0,"0","11","0","Jun-19-26 10:36:30 PDT","Aug-19-26 10:36:30 PDT","Wristwatches","31387","","","Pre-owned - Good","","","","","","US","","",""
"158011811208",Cartier Roadster 44x38.5mm W62031Y4 Stainless Steel Unisex Watch,,18515,"1","FIXED_PRICE","USD",8025.0,,,8025.0,"0","2","0","Jun-19-26 10:38:08 PDT","Aug-19-26 10:38:08 PDT","Wristwatches","31387","","","Pre-owned - Good","","","","","","US","","",""
"188534192353",Cartier Tank Solo 24x31mm W5200024 18K Gold/Stainless  Watch+,,18516,"1","FIXED_PRICE","USD",7323.0,,,7323.0,"0","2","0","Jun-19-26 10:38:14 PDT","Aug-19-26 10:38:14 PDT","Wristwatches","31387","","","Pre-owned - Good","","","","","","US","","",""
"158011811293",Cartier La Dona 27mm W660022I Stainless Steel Women's Watch,,18517,"1","FIXED_PRICE","USD",7110.0,,,7110.0,"0","4","0","Jun-19-26 10:38:22 PDT","Aug-19-26 10:38:22 PDT","Wristwatches","31387","","","Pre-owned - Good","","","","","","US","","",""
"188534193042",Cartier Santos Dumont 38x30mm W2009251 18K Rose Gold Men's Watch,,18519,"1","FIXED_PRICE","USD",9364.0,,,9364.0,"0","7","0","Jun-19-26 10:38:30 PDT","Aug-19-26 10:38:30 PDT","Wristwatches","31387","","","Pre-owned - Good","","","","","","US","","",""
"168474114063",Cartier Tank Solo 24x31mm W5200024 18K Gold/Stainless  Watch+,,18523,"1","FIXED_PRICE","USD",7323.0,,,7323.0,"0","2","0","Jun-19-26 10:38:55 PDT","Aug-19-26 10:38:55 PDT","Wristwatches","31387","","","Pre-owned - Good","","","","","","US","","",""
"168474114274",Cartier Santos Dumont 30x38mm WH100351 18K Rose Gold Women's Watch,,18524,"1","FIXED_PRICE","USD",15235.0,,,15235.0,"0","1","0","Jun-19-26 10:39:03 PDT","Aug-19-26 10:39:03 PDT","Wristwatches","31387","","","Pre-owned - Good","","","","","","US","","",""
"158011811713",Cartier Tank Francaise 28x35mm W51005Q4 Stainless Steel Unisex Watch,,18525,"1","FIXED_PRICE","USD",7536.0,,,7536.0,"0","1","0","Jun-19-26 10:39:10 PDT","Aug-19-26 10:39:10 PDT","Wristwatches","31387","","","Pre-owned - Good","","","","","","US","","",""
"158011811928",Cartier Santos Dumont 38x30mm W2009251 18K Rose Gold Men's Watch,,18528,"1","FIXED_PRICE","USD",9364.0,,,9364.0,"0","5","0","Jun-19-26 10:39:28 PDT","Aug-19-26 10:39:28 PDT","Wristwatches","31387","","","Pre-owned - Good","","","","","","US","","",""
"188534197083",Bulgari/Bvlgari Serpenti Tubogas 35mm 102182 Stainless Steel Women's Watch,,18533,"1","FIXED_PRICE","USD",8231.0,,,8231.0,"0","3","0","Jun-19-26 10:40:06 PDT","Aug-19-26 10:40:06 PDT","Wristwatches","31387","","","Pre-owned - Good","","","","","","US","","",""
"168474118245",Cartier Ronde Louis 42mm WR007003 18K White Gold Unisex Watch,,18536,"1","FIXED_PRICE","USD",29140.0,,,29140.0,"0","3","0","Jun-19-26 10:40:24 PDT","Aug-19-26 10:40:24 PDT","Wristwatches","31387","","","Pre-owned - Good","","","","","","US","","",""
"158011812523",Cartier Tank Francaise 25x20mm W4TA0008 Stainless Steel Women's Watch,,18537,"1","FIXED_PRICE","USD",7110.0,,,7110.0,"0","1","0","Jun-19-26 10:40:32 PDT","Aug-19-26 10:40:32 PDT","Wristwatches","31387","","","Pre-owned - Good","","","","","","US","","",""
"158011812795",Cartier PANTHÈRE RUBAN 17mmx17mm WG3001T7 18K Yellow Gold Women's Watch,,18540,"1","FIXED_PRICE","USD",27080.0,,,27080.0,"0","4","0","Jun-19-26 10:40:51 PDT","Aug-19-26 10:40:51 PDT","Wristwatches","31387","","","Pre-owned - Good","","","","","","US","","",""
"168474120622",Cartier La Doña 18×16mm W640070I 18K Rose Gold Women's Watch,,18541,"1","FIXED_PRICE","USD",17810.0,,,17810.0,"0","3","0","Jun-19-26 10:41:00 PDT","Aug-19-26 10:41:00 PDT","Wristwatches","31387","","","Pre-owned - Good","","","","","","US","","",""
"168474122823",Cartier Pasha C 35mm W3107199 Stainless Steel Unisex Watch,,18542,"1","FIXED_PRICE","USD",4128.0,,,4128.0,"0","2","0","Jun-19-26 10:42:00 PDT","Aug-19-26 10:42:00 PDT","Wristwatches","31387","","","Pre-owned - Good","","","","","","US","","",""
"158017535738",Cartier CLÉ DE CARTIER MYSTERIOUS HOUR 41mm WHCL0002 18K Rose Gold Unisex Watch,,18547,"1","FIXED_PRICE","USD",39440.0,,,39440.0,"0","4","0","Jun-22-26 07:36:41 PDT","Aug-22-26 07:36:41 PDT","Wristwatches","31387","","","Pre-owned - Good","","","","","","US","","",""
"188547305389",Cartier Tank Américaine 26x45mm WB704851 18K Rose Gold Women's Watch,,18573,"1","FIXED_PRICE","USD",16265.0,,,16265.0,"0","","","Jun-22-26 12:37:50 PDT","Aug-22-26 12:37:50 PDT","Wristwatches","31387","","","Pre-owned - Good","","","","","","US","","",""
"188547305659",Cartier Calibre 42mm W7100040 18K Rose Gold Unisex Watch,,18574,"1","FIXED_PRICE","USD",36350.0,,,36350.0,"0","0","0","Jun-22-26 12:38:08 PDT","Aug-22-26 12:38:08 PDT","Wristwatches","31387","","","Pre-owned - Good","","","","","","US","","",""
"158018009181",Van Cleef and Arpels Alhambra Talisman 40mm 257274 18K Rose Gold Women's Watch,,18567,"1","FIXED_PRICE","USD",19664.0,,,19664.0,"0","3","0","Jun-22-26 12:38:51 PDT","Aug-22-26 12:38:51 PDT","Wristwatches","31387","","","Pre-owned - Good","","","","","","US","","",""
"158018009670",Patek Philippe Golden Ellipse 23X25mm 4830G 18K White Gold Women's Watch,,18569,"1","FIXED_PRICE","USD",13175.0,,,13175.0,"0","0","0","Jun-22-26 12:39:24 PDT","Aug-22-26 12:39:24 PDT","Wristwatches","31387","","","Pre-owned - Good","","","","","","US","","",""
"188547307251",Cartier Tank Solo 31x24mm W5200002 18K Yellow Gold/Stainless Steel Women's Watch,,18552,"1","FIXED_PRICE","USD",6790.0,,,6790.0,"0","1","0","Jun-22-26 12:40:06 PDT","Aug-22-26 12:40:06 PDT","Wristwatches","31387","","","Pre-owned - Good","","","","","","US","","",""
"168482694975",Cartier Tank Solo 31x24mm W5200002 18K Yellow Gold/Stainless Steel Women's Watch,,18549,"1","FIXED_PRICE","USD",6790.0,,,6790.0,"0","1","0","Jun-22-26 12:40:10 PDT","Aug-22-26 12:40:10 PDT","Wristwatches","31387","","","Pre-owned - Good","","","","","","US","","",""
"158018012886",Cartier Tank Louis 40X35mm WT200006 18K White Gold Unisex Watch,,18561,"1","FIXED_PRICE","USD",18325.0,,,18325.0,"0","1","0","Jun-22-26 12:44:01 PDT","Aug-22-26 12:44:01 PDT","Wristwatches","31387","","","Pre-owned - Good","","","","","","US","","",""
"188547311883",Cartier La Dona 27mm W660022I Stainless Steel Women's Watch,,18559,"1","FIXED_PRICE","USD",7110.0,,,7110.0,"0","2","0","Jun-22-26 12:44:54 PDT","Aug-22-26 12:44:54 PDT","Wristwatches","31387","","","Pre-owned - Good","","","","","","US","","",""
"188547312359",Cartier Tank Solo 41x31mm W5200026 18K Rose Gold Unisex Watch,,18558,"1","FIXED_PRICE","USD",9055.0,,,9055.0,"0","5","0","Jun-22-26 12:45:25 PDT","Aug-22-26 12:45:25 PDT","Wristwatches","31387","","","Pre-owned - Good","","","","","","US","","",""
"168482722222",Cartier Tank Solo 24x31mm W5200024 18K Gold/Stainless  Watch+,,18550,"1","FIXED_PRICE","USD",7323.0,,,7323.0,"0","2","0","Jun-22-26 12:49:00 PDT","Aug-22-26 12:49:00 PDT","Wristwatches","31387","","","Pre-owned - Good","","","","","","US","","",""
"168482738174",Patek Philippe Gondolo Gemma 37mm 4980R 18K Rose Gold Women's Watch,,18563,"1","FIXED_PRICE","USD",12660.0,,,12660.0,"0","4","0","Jun-22-26 12:54:11 PDT","Aug-22-26 12:54:11 PDT","Wristwatches","31387","","","Pre-owned - Good","","","","","","US","","",""
"188547354247",Vacheron Constantin Vintage 20mm Vin 18K Yellow Gold Women's Watch,,18572,"1","FIXED_PRICE","USD",29140.0,,,29140.0,"0","2","0","Jun-22-26 12:54:27 PDT","Aug-22-26 12:54:27 PDT","Wristwatches","31387","","","Pre-owned - Good","","","","","","US","","",""
"188547483511",Cartier Panthere 27x37mm W2PN0007 18K Yellow Gold/Stainless Steel Women's Watch,,18577,"1","FIXED_PRICE","USD",9776.0,,,9776.0,"0","","","Jun-22-26 13:40:58 PDT","Aug-22-26 13:40:58 PDT","Wristwatches","31387","","","Pre-owned - Good","","","","","","US","","",""
"168482904897",Patek Philippe Gondolo 31x34mm 4888R 18K Rose Gold Unisex Watch,,18578,"1","FIXED_PRICE","USD",20385.0,,,20385.0,"0","","","Jun-22-26 13:58:13 PDT","Aug-22-26 13:58:13 PDT","Wristwatches","31387","","","Pre-owned - Good","","","","","","US","","",""
"188550906864",Breitling Avenger B01 Chronograph 44mm AB0147101L1X1 Stainless Steel Men's Watch,,18580,"1","FIXED_PRICE","USD",5121.0,,,5121.0,"0","1","0","Jun-23-26 07:35:32 PDT","Aug-23-26 07:35:32 PDT","Wristwatches","31387","","","Pre-owned - Good","","","","","","US","","",""
"188550906870",Breitling Avenger B01 Chronograph 44mm AB0147101L1X1 Stainless Steel Men's Watch,,18581,"1","FIXED_PRICE","USD",5121.0,,,5121.0,"0","","","Jun-23-26 07:35:32 PDT","Aug-23-26 07:35:32 PDT","Wristwatches","31387","","","Pre-owned - Good","","","","","","US","","",""
"158020070386",Breitling Avenger B01 Chronograph 44mm AB0147101L1X1 Stainless Steel Men's Watch,,18590,"1","FIXED_PRICE","USD",5121.0,,,5121.0,"0","","","Jun-23-26 07:35:44 PDT","Aug-23-26 07:35:44 PDT","Wristwatches","31387","","","Pre-owned - Good","","","","","","US","","",""
"158020154092",Cartier Leve 23mm WE800831 18K Yellow Gold Women's Watch,,18589,"1","FIXED_PRICE","USD",6950.0,,,6950.0,"0","","","Jun-23-26 08:27:00 PDT","Aug-23-26 08:27:00 PDT","Wristwatches","31387","","","Pre-owned - Good","","","","","","US","","",""
"188551062936",Cartier Love 23mm WE800931 18K Yellow Gold Women's Watch,,18591,"1","FIXED_PRICE","USD",6950.0,,,6950.0,"0","2","0","Jun-23-26 08:27:06 PDT","Aug-23-26 08:27:06 PDT","Wristwatches","31387","","","Pre-owned - Good","","","","","","US","","",""
"188551063146",Piaget Dancer 24x26mm PI0442 18K Yellow Gold Women's Watch,,18592,"1","FIXED_PRICE","USD",14000.0,,,14000.0,"0","3","0","Jun-23-26 08:27:15 PDT","Aug-23-26 08:27:15 PDT","Wristwatches","31387","","","Pre-owned - Good","","","","","","US","","",""
"158023607524",Bulgari/Bvlgari Octo Finissimo 40mm 102714 Titanium Men's Watch,,18605,"1","FIXED_PRICE","USD",19355.0,,,19355.0,"0","7","0","Jun-24-26 10:56:34 PDT","Aug-24-26 10:56:34 PDT","Wristwatches","31387","","","Pre-owned - Good","","","","","","US","","",""
"168488749096",Patek Philippe Twenty-4 25.5mm 4910/10A-011 Stainless Steel Watch,,18604,"1","FIXED_PRICE","USD",11630.0,,,11630.0,"0","5","0","Jun-24-26 10:56:46 PDT","Aug-24-26 10:56:46 PDT","Wristwatches","31387","","","Pre-owned - Good","","","","","","US","","",""
"188556010174",Cartier Roadster 44x38.5mm W62031Y4 Stainless Steel Unisex Watch,,18579,"1","FIXED_PRICE","USD",8437.0,,,8437.0,"0","","","Jun-24-26 12:28:16 PDT","Aug-24-26 12:28:16 PDT","Wristwatches","31387","","","Pre-owned - Good","","","","","","US","","",""
"188563732161",Cartier Santos 43mm WSSA0017 Stainless Steel Men's Watch,,18611,"1","FIXED_PRICE","USD",8540.0,,,8540.0,"0","","","Jun-26-26 07:33:24 PDT","Aug-26-26 07:33:24 PDT","Wristwatches","31387","","","Pre-owned - Good","","","","","","US","","",""
"168494468913",Piaget Polo 25mm 7131 C 701 18K Yellow Gold Men's Watch,,18622,"1","FIXED_PRICE","USD",20385.0,,,20385.0,"0","12","0","Jun-26-26 10:21:04 PDT","Aug-26-26 10:21:04 PDT","Wristwatches","31387","","","Pre-owned - Good","","","","","","US","","",""
"168494469316",Tiffany and Co Patek Movement Triple Sign Pocket Watch 50mm 18K Gold Watch,,18624,"1","FIXED_PRICE","USD",8025.0,,,8025.0,"0","4","0","Jun-26-26 10:21:10 PDT","Aug-26-26 10:21:10 PDT","Wristwatches","31387","","","Pre-owned - Good","","","","","","US","","",""
"188586365324",Piaget Emperador XL 36x46mm P10446 18K Rose Gold Unisex Watch,,18639,"1","FIXED_PRICE","USD",13690.0,,,13690.0,"0","","","Jul-01-26 11:48:18 PDT","Sep-01-26 11:48:18 PDT","Wristwatches","31387","","","Pre-owned - Good","","","","","","US","","",""
"168525562080",Cartier Ronde Louis 36mm WR007007 18K White Gold Unisex Watch,,18531,"1","FIXED_PRICE","USD",26050.0,,,26050.0,"0","2","0","Jul-09-26 08:21:55 PDT","Aug-09-26 08:21:55 PDT","Wristwatches","31387","","","Pre-owned - Good","","","","","","US","","",""
"188622090432",Chopard Your Hour 31mmx28mm 17/3451 18K White Gold Women's Watch,,18645,"1","FIXED_PRICE","USD",10343.0,,,10343.0,"0","","","Jul-09-26 09:34:15 PDT","Aug-09-26 09:34:15 PDT","Wristwatches","31387","","","Pre-owned - Good","","","","","","US","","",""
"188626421614",Patek Philippe Twenty-4 25mmx30mm 4920G-010 18K White Gold Women's Watch,,18649,"1","FIXED_PRICE","USD",13175.0,,,13175.0,"0","1","0","Jul-10-26 08:41:19 PDT","Aug-10-26 08:41:19 PDT","Wristwatches","31387","","","Pre-owned - Good","","","","","","US","","",""
"158082637044",Cartier Drive Retrograde 41mm WSNM0005 Stainless Steel Men's Watch,,18511,"1","FIXED_PRICE","USD",6684.0,,,6684.0,"0","4","0","Jul-14-26 08:20:43 PDT","Aug-14-26 08:20:43 PDT","Wristwatches","31387","","","Pre-owned - Good","","","","","","US","","",""
"188645307227",Cartier Tank Francaise 20X26mm W51008Q3 Stainless Steel Women's Watch,,18660,"1","FIXED_PRICE","USD",4128.0,,,4128.0,"0","2","0","Jul-15-26 11:46:02 PDT","Aug-15-26 11:46:02 PDT","Wristwatches","31387","","","Pre-owned - Good","","","","","","US","","",""
"188650279571",Cartier  Santos de Cartier  35x41mm  WSSA0061 Stainless Steel Unisex Watch,,18672,"1","FIXED_PRICE","USD",8334.0,,,8334.0,"0","","","Jul-16-26 09:35:18 PDT","Aug-16-26 09:35:18 PDT","Wristwatches","31387","","","Pre-owned - Good","","","","","","US","","",""
"168543002928",Cartier Rotonde Reversed Tourbillon 46mm W1556214  18K White Gold Men's Watch,,18680,"1","FIXED_PRICE","USD",83730.0,,,83730.0,"0","2","0","Jul-17-26 11:31:13 PDT","Aug-17-26 11:31:13 PDT","Wristwatches","31387","","","Pre-owned - Good","","","","","","US","","",""
"158102348663",Van Cleef and Arpels Alhambra Talisman 40mm H45534 18K Rose Gold Women's Watch,,18679,"1","FIXED_PRICE","USD",19664.0,,,19664.0,"0","1","0","Jul-20-26 07:27:50 PDT","Aug-20-26 07:27:50 PDT","Wristwatches","31387","","","Pre-owned - Good","","","","","","US","","",""
"158102380252",Van Cleef and Arpels Charms 38mm VCARM95100 18K Rose Gold Women's Watch,,18681,"1","FIXED_PRICE","USD",15750.0,,,15750.0,"0","","","Jul-20-26 07:36:13 PDT","Aug-20-26 07:36:13 PDT","Wristwatches","31387","","","Pre-owned - Good","","","","","","US","","",""
"158102511196",Cartier Tortue 28mmx26mm WA5049W9 18K White Gold Women's Watch,,18694,"1","FIXED_PRICE","USD",25535.0,,,25535.0,"0","","","Jul-20-26 08:37:48 PDT","Aug-20-26 08:37:48 PDT","Wristwatches","31387","","","Pre-owned - Good","","","","","","US","","",""
"188670805532",Cartier Ballon Bleu 33mm WE902080 Stainless Steel Women's Watch,,18677,"1","FIXED_PRICE","USD",9107.0,,,9107.0,"0","1","0","Jul-20-26 08:46:18 PDT","Aug-20-26 08:46:18 PDT","Wristwatches","31387","","","Pre-owned - Good","","","","","","US","","",""
"168549978355",Cartier Tank Louis 22x29mm W1541056 18K White Gold Women's Watch,,18678,"1","FIXED_PRICE","USD",9364.0,,,9364.0,"0","5","0","Jul-20-26 08:46:29 PDT","Aug-20-26 08:46:29 PDT","Wristwatches","31387","","","Pre-owned - Good","","","","","","US","","",""
"168549978451",Van Cleef and Arpels ALHAMBRA TALISMAN 40mm VCAR030000 18K White Gold Watch,,18682,"1","FIXED_PRICE","USD",18325.0,,,18325.0,"0","1","0","Jul-20-26 08:46:33 PDT","Aug-20-26 08:46:33 PDT","Wristwatches","31387","","","Pre-owned - Good","","","","","","US","","",""
"158102523013",Cartier La Doña  28x28.5mm WE600251 18K Yellow Gold Women's Watch,,18683,"1","FIXED_PRICE","USD",11115.0,,,11115.0,"0","1","0","Jul-20-26 08:46:45 PDT","Aug-20-26 08:46:45 PDT","Wristwatches","31387","","","Pre-owned - Good","","","","","","US","","",""
"158102523315",Patek Philippe Calatrava 36mm 5119R-001 18K Rose Gold Men's Watch,,18684,"1","FIXED_PRICE","USD",17398.0,,,17398.0,"0","2","0","Jul-20-26 08:46:52 PDT","Aug-20-26 08:46:52 PDT","Wristwatches","31387","","","Pre-owned - Good","","","","","","US","","",""
"188670809230",Cartier Tank Francaise 20x26mm W51028Q3 Stainless Steel Women's Watch,,18685,"1","FIXED_PRICE","USD",5938.0,,,5938.0,"0","","","Jul-20-26 08:47:00 PDT","Aug-20-26 08:47:00 PDT","Wristwatches","31387","","","Pre-owned - Good","","","","","","US","","",""
"188670809954",Cartier Ballon Bleu 32.5mm W6920070 18K Rose Gold/Stainless Steel Unisex Watch,,18686,"1","FIXED_PRICE","USD",7323.0,,,7323.0,"0","1","0","Jul-20-26 08:47:07 PDT","Aug-20-26 08:47:07 PDT","Wristwatches","31387","","","Pre-owned - Good","","","","","","US","","",""
"168549980641",Cartier Ballon Bleu 28mm W69002Z2 18K Rose Gold Women's Watch,,18688,"1","FIXED_PRICE","USD",17810.0,,,17810.0,"0","2","0","Jul-20-26 08:47:19 PDT","Aug-20-26 08:47:19 PDT","Wristwatches","31387","","","Pre-owned - Good","","","","","","US","","",""
"188670812960",Cartier Ballon Bleu 33mm W6920084 Stainless Steel Women's Watch,,18689,"1","FIXED_PRICE","USD",6258.0,,,6258.0,"0","","","Jul-20-26 08:47:39 PDT","Aug-20-26 08:47:39 PDT","Wristwatches","31387","","","Pre-owned - Good","","","","","","US","","",""
"188670823633",Patek Philippe Calatrava 33mm 4897G-001 18K White Gold Women's Watch,,18690,"1","FIXED_PRICE","USD",16265.0,,,16265.0,"0","6","0","Jul-20-26 08:48:26 PDT","Aug-20-26 08:48:26 PDT","Wristwatches","31387","","","Pre-owned - Good","","","","","","US","","",""
"188670825634",Vacheron Constantin 1972 21mmX37mm 25515/000R 18K Rose Gold Women's Watch,,18691,"1","FIXED_PRICE","USD",12145.0,,,12145.0,"0","1","0","Jul-20-26 08:48:34 PDT","Aug-20-26 08:48:34 PDT","Wristwatches","31387","","","Pre-owned - Good","","","","","","US","","",""
"158102534383",Audemars Piguet Jules 39mm 15171OR.ZZ.A809CR.01 18K Rose Gold Men's Watch,,18692,"1","FIXED_PRICE","USD",21930.0,,,21930.0,"0","2","0","Jul-20-26 08:48:43 PDT","Aug-20-26 08:48:43 PDT","Wristwatches","31387","","","Pre-owned - Good","","","","","","US","","",""
"168550287113",Cartier Love  23mm WE800631 18K Rose Gold Women's Watch,,18733,"1","FIXED_PRICE","USD",6950.0,,,6950.0,"0","","","Jul-20-26 11:45:58 PDT","Aug-20-26 11:45:58 PDT","Wristwatches","31387","","","Pre-owned - Good","","","","","","US","","",""
"158103233423",Cartier Ballon Bleu 28mm W69007Z3 18K Yellow Gold/Stainless Steel Women's Watch,,18695,"1","FIXED_PRICE","USD",6258.0,,,6258.0,"0","2","0","Jul-20-26 13:11:15 PDT","Aug-20-26 13:11:15 PDT","Wristwatches","31387","","","Pre-owned - Good","","","","","","US","","",""
"168550426634",Cartier Ballon Bleu 36mm WJBB0010 18K Rose Gold Women's Watch,,18696,"1","FIXED_PRICE","USD",8386.0,,,8386.0,"0","1","0","Jul-20-26 13:11:29 PDT","Aug-20-26 13:11:29 PDT","Wristwatches","31387","","","Pre-owned - Good","","","","","","US","","",""
"158103233538",Cartier Captive 27mm WG600007 18K Rose Gold Women's Watch,,18697,"1","FIXED_PRICE","USD",11115.0,,,11115.0,"0","3","0","Jul-20-26 13:11:31 PDT","Aug-20-26 13:11:31 PDT","Wristwatches","31387","","","Pre-owned - Good","","","","","","US","","",""
"188671779257",Cartier Tank Française 25mm W4TA0009 Stainless Steel Women's Watch,,18699,"1","FIXED_PRICE","USD",8025.0,,,8025.0,"0","","","Jul-20-26 13:11:46 PDT","Aug-20-26 13:11:46 PDT","Wristwatches","31387","","","Pre-owned - Good","","","","","","US","","",""
"158103234159",Cartier Tank Louis XL 32mmx40mm W1560034 18K Yellow Gold Unisex Watch,,18702,"1","FIXED_PRICE","USD",15287.0,,,15287.0,"0","3","0","Jul-20-26 13:12:49 PDT","Aug-20-26 13:12:49 PDT","Wristwatches","31387","","","Pre-owned - Good","","","","","","US","","",""
"188671790629",Cartier Rotonde 40mm W1556252 18K Rose Gold Men's Watch,,18703,"1","FIXED_PRICE","USD",13175.0,,,13175.0,"0","","","Jul-20-26 13:12:57 PDT","Aug-20-26 13:12:57 PDT","Wristwatches","31387","","","Pre-owned - Good","","","","","","US","","",""
"158103234321",Cartier Ballon Bleu xl  W6920002 Stainless Steel Men's Watch,,18704,"1","FIXED_PRICE","USD",7589.0,,,7589.0,"0","","","Jul-20-26 13:13:06 PDT","Aug-20-26 13:13:06 PDT","Wristwatches","31387","","","Pre-owned - Good","","","","","","US","","",""
"188671790986",Cartier Santos Demoiselle Mini 18x24mm W25077X9 18K Gold Watch,,18705,"1","FIXED_PRICE","USD",18325.0,,,18325.0,"0","3","0","Jul-20-26 13:13:12 PDT","Aug-20-26 13:13:12 PDT","Wristwatches","31387","","","Pre-owned - Good","","","","","","US","","",""
"188671791136",Patek Philippe Calatrava 33mm 7119J-012 18K Yellow Gold Men's Watch,,18706,"1","FIXED_PRICE","USD",13690.0,,,13690.0,"0","0","0","Jul-20-26 13:13:22 PDT","Aug-20-26 13:13:22 PDT","Wristwatches","31387","","","Pre-owned - Good","","","","","","US","","",""
"188671791213",Cartier Ronde Louis 36mm WR000651 18K Rose Gold Unisex Watch,,18707,"1","FIXED_PRICE","USD",9364.0,,,9364.0,"0","","","Jul-20-26 13:13:29 PDT","Aug-20-26 13:13:29 PDT","Wristwatches","31387","","","Pre-owned - Good","","","","","","US","","",""
"168550429569",Cartier Trinity 27mm W60001S8 18K Yellow Gold/Stainless Steel Women's Watch,,18708,"1","FIXED_PRICE","USD",17501.0,,,17501.0,"0","1","0","Jul-20-26 13:13:40 PDT","Aug-20-26 13:13:40 PDT","Wristwatches","31387","","","Pre-owned - Good","","","","","","US","","",""
"158103234814",Cartier Tank Solo 32x40mm WT200005 18K Rose Gold Women's Watch,,18709,"1","FIXED_PRICE","USD",15235.0,,,15235.0,"0","","","Jul-20-26 13:13:48 PDT","Aug-20-26 13:13:48 PDT","Wristwatches","31387","","","Pre-owned - Good","","","","","","US","","",""
"188671791680",Piaget Possession 29mm G0A36188 18K Rose Gold Women's Watch,,18710,"1","FIXED_PRICE","USD",7642.0,,,7642.0,"0","1","0","Jul-20-26 13:13:56 PDT","Aug-20-26 13:13:56 PDT","Wristwatches","31387","","","Pre-owned - Good","","","","","","US","","",""
"188671791829",Cartier Tank Francaise 25x20mm W4TA0008 Stainless Steel Women's Watch,,18711,"1","FIXED_PRICE","USD",7855.0,,,7855.0,"0","","","Jul-20-26 13:14:04 PDT","Aug-20-26 13:14:04 PDT","Wristwatches","31387","","","Pre-owned - Good","","","","","","US","","",""
"158103235005",Cartier Tank Americaine 35mmX19mm WJTA0003 18K White Gold Women's Watch,,18712,"1","FIXED_PRICE","USD",10085.0,,,10085.0,"0","0","0","Jul-20-26 13:14:12 PDT","Aug-20-26 13:14:12 PDT","Wristwatches","31387","","","Pre-owned - Good","","","","","","US","","",""
"168550430016",Cartier Santos Dumont 30mmx38mm WH100251 18K White Gold Men's Watch,,18713,"1","FIXED_PRICE","USD",15235.0,,,15235.0,"0","","","Jul-20-26 13:14:19 PDT","Aug-20-26 13:14:19 PDT","Wristwatches","31387","","","Pre-owned - Good","","","","","","US","","",""
"168550430154",Cartier Ballon Bleu 36mm W2BB0003 18K Rose Gold/Stainless Steel Unisex Watch,,18714,"1","FIXED_PRICE","USD",8849.0,,,8849.0,"0","3","0","Jul-20-26 13:14:27 PDT","Aug-20-26 13:14:27 PDT","Wristwatches","31387","","","Pre-owned - Good","","","","","","US","","",""
"168550430247",Cartier Ronde Louis 36mm WR000651 18K Rose Gold Unisex Watch,,18715,"1","FIXED_PRICE","USD",9416.0,,,9416.0,"0","","","Jul-20-26 13:14:33 PDT","Aug-20-26 13:14:33 PDT","Wristwatches","31387","","","Pre-owned - Good","","","","","","US","","",""
"188671792612",Cartier La Dona 22mm W660012I Stainless Steel Men's Watch,,18717,"1","FIXED_PRICE","USD",5406.0,,,5406.0,"0","2","0","Jul-20-26 13:14:49 PDT","Aug-20-26 13:14:49 PDT","Wristwatches","31387","","","Pre-owned - Good","","","","","","US","","",""
"188671792855",Patek Philippe Golden Ellipse 25.5X23mm 4831G 18K White Gold Women's Watch,,18718,"1","FIXED_PRICE","USD",17810.0,,,17810.0,"0","4","0","Jul-20-26 13:14:57 PDT","Aug-20-26 13:14:57 PDT","Wristwatches","31387","","","Pre-owned - Good","","","","","","US","","",""
"188671793324",Cartier Ballerine 23mm W700023J 18K Yellow Gold Women's Watch,,18719,"1","FIXED_PRICE","USD",15750.0,,,15750.0,"0","2","0","Jul-20-26 13:15:06 PDT","Aug-20-26 13:15:06 PDT","Wristwatches","31387","","","Pre-owned - Good","","","","","","US","","",""
"158103236318",Cartier Tank Solo 31x24mm W5200002 18K Yellow Gold/Stainless Steel Women's Watch,,18721,"1","FIXED_PRICE","USD",7855.0,,,7855.0,"0","3","0","Jul-20-26 13:15:21 PDT","Aug-20-26 13:15:21 PDT","Wristwatches","31387","","","Pre-owned - Good","","","","","","US","","",""
"168550431098",Cartier Ballon Bleu 28mm W6920034 18K Rose Gold/Stainless Steel Women's Watch,,18720,"1","FIXED_PRICE","USD",7323.0,,,7323.0,"0","1","0","Jul-20-26 13:15:25 PDT","Aug-20-26 13:15:25 PDT","Wristwatches","31387","","","Pre-owned - Good","","","","","","US","","",""
"168550431159",Cartier Tank Louis 29.5x22mm WGTA0010 18K Rose Gold Women's Watch,,18722,"1","FIXED_PRICE","USD",13175.0,,,13175.0,"0","","","Jul-20-26 13:15:28 PDT","Aug-20-26 13:15:28 PDT","Wristwatches","31387","","","Pre-owned - Good","","","","","","US","","",""
"168550431244",Cartier La Dona 22mm W660012I Stainless Steel Men's Watch,,18723,"1","FIXED_PRICE","USD",6258.0,,,6258.0,"0","1","0","Jul-20-26 13:15:36 PDT","Aug-20-26 13:15:36 PDT","Wristwatches","31387","","","Pre-owned - Good","","","","","","US","","",""
"188671795149",Cartier Declaration 36x18mm WT000830 Stainless Steel Women's Watch,,18724,"1","FIXED_PRICE","USD",6471.0,,,6471.0,"0","","","Jul-20-26 13:15:44 PDT","Aug-20-26 13:15:44 PDT","Wristwatches","31387","","","Pre-owned - Good","","","","","","US","","",""
"158103236706",Cartier Tank Francaise 28x35mm W51005Q4 Stainless Steel Unisex Watch,,18726,"1","FIXED_PRICE","USD",6417.0,,,6417.0,"0","","","Jul-20-26 13:15:59 PDT","Aug-20-26 13:15:59 PDT","Wristwatches","31387","","","Pre-owned - Good","","","","","","US","","",""
"168550431514",Cartier Tank francaise 20mm W5001256 Stainless Steel Women's Watch,,18727,"1","FIXED_PRICE","USD",6471.0,,,6471.0,"0","","","Jul-20-26 13:16:07 PDT","Aug-20-26 13:16:07 PDT","Wristwatches","31387","","","Pre-owned - Good","","","","","","US","","",""
"188671797237",Patek Philippe Gondolo Gemma 37x22mm 4981G-001 18K White Gold Men's Watch,,18728,"1","FIXED_PRICE","USD",12454.0,,,12454.0,"0","1","0","Jul-20-26 13:16:21 PDT","Aug-20-26 13:16:21 PDT","Wristwatches","31387","","","Pre-owned - Good","","","","","","US","","",""
"168550431975",Cartier Ballerine 14x23mm WG40023J 18K Rose Gold Women's Watch,,18729,"1","FIXED_PRICE","USD",19355.0,,,19355.0,"0","1","0","Jul-20-26 13:16:31 PDT","Aug-20-26 13:16:31 PDT","Wristwatches","31387","","","Pre-owned - Good","","","","","","US","","",""
"188671797739",Audemars Piguet Jules  36mm 15123bc.z.0001cr.01 18K White Gold Women's Watch,,18730,"1","FIXED_PRICE","USD",25535.0,,,25535.0,"0","1","0","Jul-20-26 13:16:31 PDT","Aug-20-26 13:16:31 PDT","Wristwatches","31387","","","Pre-owned - Good","","","","","","US","","",""
"158103237468",Cartier Tank Louis 22x29mm W1529856 18K Yellow Gold Women's Watch,,18731,"1","FIXED_PRICE","USD",10497.0,,,10497.0,"0","3","0","Jul-20-26 13:16:42 PDT","Aug-20-26 13:16:42 PDT","Wristwatches","31387","","","Pre-owned - Good","","","","","","US","","",""
"168550432101",Cartier Tortue 30mmx24mm W1556360 18K Rose Gold Women's Watch,,18732,"1","FIXED_PRICE","USD",9158.0,,,9158.0,"0","3","0","Jul-20-26 13:16:45 PDT","Aug-20-26 13:16:45 PDT","Wristwatches","31387","","","Pre-owned - Good","","","","","","US","","",""
"158103237610",Vacheron Constantin Vacheron 32.5mm  18K White Gold Unisex Watch,,18734,"1","FIXED_PRICE","USD",25535.0,,,25535.0,"0","","","Jul-20-26 13:16:53 PDT","Aug-20-26 13:16:53 PDT","Wristwatches","31387","","","Pre-owned - Good","","","","","","US","","",""
"158103237717",Haas and C Haas 30x37mm  18K Yellow Gold Unisex Watch,,18735,"1","FIXED_PRICE","USD",93000.0,,,93000.0,"0","","","Jul-20-26 13:17:07 PDT","Aug-20-26 13:17:07 PDT","Wristwatches","31387","","","Pre-owned - Good","","","","","","US","","",""
"188675958773",Patek Philippe Calatrava 35mm 5120G 18K White Gold Men's Watch,,18738,"1","FIXED_PRICE","USD",17810.0,,,17810.0,"0","1","0","Jul-21-26 08:09:51 PDT","Aug-21-26 08:09:51 PDT","Wristwatches","31387","","","Pre-owned - Good","","","","","","US","","",""
"188675959694",Van Cleef and Arpels Vintage  27mm 28340 18K Yellow Gold Unisex Watch,,18737,"1","FIXED_PRICE","USD",4128.0,,,4128.0,"0","","","Jul-21-26 08:09:58 PDT","Aug-21-26 08:09:58 PDT","Wristwatches","31387","","","Pre-owned - Good","","","","","","US","","",""
"168555855737",Cartier Tank Louis 25x33mm W1529756 18K Yellow Gold Unisex Watch,,18399,"1","FIXED_PRICE","USD",10085.0,,,10085.0,"0","2","0","Jul-22-26 12:32:14 PDT","Aug-22-26 12:32:14 PDT","Wristwatches","31387","","","Pre-owned - Good","","","","","","US","","",""
"188717297668",Chanel J12 33mm H2422 Ceramic Women's Watch,,18840,"1","FIXED_PRICE","USD",4500.0,,,4500.0,"0","","","Jul-30-26 07:36:51 PDT","Aug-30-26 07:36:51 PDT","Wristwatches","31387","","","Pre-owned - Good","","","","","","US","","",""
"188717300865",Vacheron Constantin VC 23.5x33mm MCMLXXII 18K White Gold Unisex Watch,,18839,"1","FIXED_PRICE","USD",9107.0,,,9107.0,"0","","","Jul-30-26 07:40:24 PDT","Aug-30-26 07:40:24 PDT","Wristwatches","31387","","","Pre-owned - Good","","","","","","US","","",""
"158135225912",Van Cleef and Arpels Alhambra 26X26mm 136674 18K Yellow Gold Women's Watch,,18838,"1","FIXED_PRICE","USD",19664.0,,,19664.0,"0","","","Jul-30-26 07:40:36 PDT","Aug-30-26 07:40:36 PDT","Wristwatches","31387","","","Pre-owned - Good","","","","","","US","","",""
"168575424792",Cartier Tank Solo 40.8x31.0mm W5200026 18K Rose Gold Unisex Watch,,18835,"1","FIXED_PRICE","USD",9158.0,,,9158.0,"0","","","Jul-30-26 07:41:02 PDT","Aug-30-26 07:41:02 PDT","Wristwatches","31387","","","Pre-owned - Good","","","","","","US","","",""
"168575424915",Cartier Santos Dumont 44.6x34.6mm WH100751 18K Rose Gold Unisex Watch,,18834,"1","FIXED_PRICE","USD",16111.0,,,16111.0,"0","","","Jul-30-26 07:41:19 PDT","Aug-30-26 07:41:19 PDT","Wristwatches","31387","","","Pre-owned - Good","","","","","","US","","",""
"158135231061",Cartier Love 23mm WE800531 18K Yellow Gold Women's Watch,,18831,"1","FIXED_PRICE","USD",6311.0,,,6311.0,"0","","","Jul-30-26 07:41:56 PDT","Aug-30-26 07:41:56 PDT","Wristwatches","31387","","","Pre-owned - Good","","","","","","US","","",""
"188717303043",Cartier Tank Américaine 19x34.8mm W2607456 18K Rose Gold Unisex Watch,,18830,"1","FIXED_PRICE","USD",7269.0,,,7269.0,"0","1","0","Jul-30-26 07:42:08 PDT","Aug-30-26 07:42:08 PDT","Wristwatches","31387","","","Pre-owned - Good","","","","","","US","","",""
"158135231397",Cartier Santos Dumont 44.6x34.6mm WH100751 18K Rose Gold Unisex Watch,,18828,"1","FIXED_PRICE","USD",16162.0,,,16162.0,"0","","","Jul-30-26 07:42:30 PDT","Aug-30-26 07:42:30 PDT","Wristwatches","31387","","","Pre-owned - Good","","","","","","US","","",""
"188717303953",Cartier Tank Louis XL 40x32mm W1560017 18K Rose Gold Men's Watch,,18827,"1","FIXED_PRICE","USD",13896.0,,,13896.0,"0","","","Jul-30-26 07:42:49 PDT","Aug-30-26 07:42:49 PDT","Wristwatches","31387","","","Pre-owned - Good","","","","","","US","","",""
"188717304705",Cartier Tank Louis 16.5x24mm WGTA0212 18K Yellow Gold Men's Watch,,18825,"1","FIXED_PRICE","USD",9364.0,,,9364.0,"0","0","0","Jul-30-26 07:43:14 PDT","Aug-30-26 07:43:14 PDT","Wristwatches","31387","","","Pre-owned - Good","","","","","","US","","",""
"168575426167",Patek Philippe Calatrava  33mm 5006G 18K White Gold Women's Watch,,18824,"1","FIXED_PRICE","USD",19355.0,,,19355.0,"0","1","0","Jul-30-26 07:43:28 PDT","Aug-30-26 07:43:28 PDT","Wristwatches","31387","","","Pre-owned - Good","","","","","","US","","",""
"188717305774",Cartier Santos Dumont 38 x48 mm W2020068 18K Rose Gold Men's Watch,,18818,"1","FIXED_PRICE","USD",16162.0,,,16162.0,"0","","","Jul-30-26 07:43:59 PDT","Aug-30-26 07:43:59 PDT","Wristwatches","31387","","","Pre-owned - Good","","","","","","US","","",""
"168575426576",Cartier Tortue 48mmx38mm W1556234 18K Rose Gold Men's Watch,,18813,"1","FIXED_PRICE","USD",17192.0,,,17192.0,"0","3","0","Jul-30-26 07:44:17 PDT","Aug-30-26 07:44:17 PDT","Wristwatches","31387","","","Pre-owned - Good","","","","","","US","","",""
"168575426776",Omega Speedmaster Date 39mm 3513.80.00 Stainless Steel Women's Watch,,18811,"1","FIXED_PRICE","USD",3542.0,,,3542.0,"0","1","0","Jul-30-26 07:44:41 PDT","Aug-30-26 07:44:41 PDT","Wristwatches","31387","","","Pre-owned - Good","","","","","","US","","",""
"188717306611",Cartier Tank Solo 41x31mm W5200026 18K Rose Gold Unisex Watch,,18810,"1","FIXED_PRICE","USD",9055.0,,,9055.0,"0","1","0","Jul-30-26 07:44:57 PDT","Aug-30-26 07:44:57 PDT","Wristwatches","31387","","","Pre-owned - Good","","","","","","US","","",""
"158135239160",Cartier Santos 38X47.5mm W2020067 18K Rose Gold Men's Watch,,18809,"1","FIXED_PRICE","USD",16059.0,,,16059.0,"0","1","0","Jul-30-26 07:45:09 PDT","Aug-30-26 07:45:09 PDT","Wristwatches","31387","","","Pre-owned - Good","","","","","","US","","",""
"168575427420",Cartier Drive 40mm WSNM0008 Stainless Steel Men's Watch,,18808,"1","FIXED_PRICE","USD",6897.0,,,6897.0,"0","1","0","Jul-30-26 07:45:21 PDT","Aug-30-26 07:45:21 PDT","Wristwatches","31387","","","Pre-owned - Good","","","","","","US","","",""
"188717311597",Cartier Ballon Bleu d'Art Elephant Enamel 36mm HPI00331 18K White Gold Watch,,18805,"1","FIXED_PRICE","USD",67250.0,,,67250.0,"0","","","Jul-30-26 07:47:03 PDT","Aug-30-26 07:47:03 PDT","Wristwatches","31387","","","Pre-owned - Good","","","","","","US","","",""
"158135243510",Cartier Ronde Louis 36mm W6700455 18K Yellow Gold Unisex Watch,,18804,"1","FIXED_PRICE","USD",5619.0,,,5619.0,"0","","","Jul-30-26 07:47:16 PDT","Aug-30-26 07:47:16 PDT","Wristwatches","31387","","","Pre-owned - Good","","","","","","US","","",""
"158135244749",Cartier Ballon Blue 36mm WE902042 18K White Gold Women's Watch,,18803,"1","FIXED_PRICE","USD",28625.0,,,28625.0,"0","","","Jul-30-26 07:47:33 PDT","Aug-30-26 07:47:33 PDT","Wristwatches","31387","","","Pre-owned - Good","","","","","","US","","",""
"188717317344",Patek Philippe La Flamme 23mm 4816-3 18K Yellow Gold Women's Watch,,18802,"1","FIXED_PRICE","USD",19355.0,,,19355.0,"0","2","0","Jul-30-26 07:47:43 PDT","Aug-30-26 07:47:43 PDT","Wristwatches","31387","","","Pre-owned - Good","","","","","","US","","",""
"158135250138",Cartier Tank Americaine 34.8x19mm WB707931 18K Yellow Gold Unisex Watch,,18800,"1","FIXED_PRICE","USD",9519.0,,,9519.0,"0","","","Jul-30-26 07:48:07 PDT","Aug-30-26 07:48:07 PDT","Wristwatches","31387","","","Pre-owned - Good","","","","","","US","","",""
"168575431251",Van Cleef and Arpels Charms 38mm VCARM95100 18K Rose Gold Women's Watch,,18799,"1","FIXED_PRICE","USD",18325.0,,,18325.0,"0","","","Jul-30-26 07:48:17 PDT","Aug-30-26 07:48:17 PDT","Wristwatches","31387","","","Pre-owned - Good","","","","","","US","","",""
"168575432419",Cartier Tortue 34x28mm WA503751 18K Rose Gold Women's Watch,,18798,"1","FIXED_PRICE","USD",18068.0,,,18068.0,"0","","","Jul-30-26 07:48:30 PDT","Aug-30-26 07:48:30 PDT","Wristwatches","31387","","","Pre-owned - Good","","","","","","US","","",""
"168575433977",Patek Philippe Annual Calendar 39mm 5146J-001 18K Yellow Gold Men's Watch,,18797,"1","FIXED_PRICE","USD",32230.0,,,32230.0,"0","6","0","Jul-30-26 07:48:46 PDT","Aug-30-26 07:48:46 PDT","Wristwatches","31387","","","Pre-owned - Good","","","","","","US","","",""
"158135260831",Patek Philippe Gondolo 25x38mm 4972G-001 18K White Gold Women's Watch,,18796,"1","FIXED_PRICE","USD",18531.0,,,18531.0,"0","","","Jul-30-26 07:49:16 PDT","Aug-30-26 07:49:16 PDT","Wristwatches","31387","","","Pre-owned - Good","","","","","","US","","",""
"188717345355",Patek Philippe Calatrava 26mm 4820J 18K Yellow Gold Women's Watch,,18795,"1","FIXED_PRICE","USD",12660.0,,,12660.0,"0","3","0","Jul-30-26 07:49:31 PDT","Aug-30-26 07:49:31 PDT","Wristwatches","31387","","","Pre-owned - Good","","","","","","US","","",""
"188717350287",Patek Philippe Twenty 4 30x25mm 4920R-010 18K Rose Gold Women's Watch,,18793,"1","FIXED_PRICE","USD",16162.0,,,16162.0,"0","1","0","Jul-30-26 07:49:50 PDT","Aug-30-26 07:49:50 PDT","Wristwatches","31387","","","Pre-owned - Good","","","","","","US","","",""
"158135267720",Cartier Captive de Cartier 35mm WG600010 18K Yellow Gold Women's Watch,,18792,"1","FIXED_PRICE","USD",16265.0,,,16265.0,"0","","","Jul-30-26 07:50:01 PDT","Aug-30-26 07:50:01 PDT","Wristwatches","31387","","","Pre-owned - Good","","","","","","US","","",""
"168575440594",Cartier Tortue XL  48X38mm W1546051 18K Rose Gold Men's Watch,,18791,"1","FIXED_PRICE","USD",16162.0,,,16162.0,"0","2","0","Jul-30-26 07:50:23 PDT","Aug-30-26 07:50:23 PDT","Wristwatches","31387","","","Pre-owned - Good","","","","","","US","","",""
"188717358159",Cartier Tank MC 34x44mm WSTA0010 Stainless Steel Men's Watch,,18790,"1","FIXED_PRICE","USD",5406.0,,,5406.0,"0","1","0","Jul-30-26 07:50:32 PDT","Aug-30-26 07:50:32 PDT","Wristwatches","31387","","","Pre-owned - Good","","","","","","US","","",""
"158135268630",Audemars Piguet Millenary 45mm 15320OR.OO.D002CR.01 18K Rose Gold Unisex Watch,,18787,"1","FIXED_PRICE","USD",22445.0,,,22445.0,"0","1","0","Jul-30-26 07:51:00 PDT","Aug-30-26 07:51:00 PDT","Wristwatches","31387","","","Pre-owned - Good","","","","","","US","","",""
"188717360683",Audemars Piguet Jules Audemars 33mm 77240OR.ZZ.A809CR.01 18K Gold Unisex Watch,,18786,"1","FIXED_PRICE","USD",11012.0,,,11012.0,"0","1","0","Jul-30-26 07:51:15 PDT","Aug-30-26 07:51:15 PDT","Wristwatches","31387","","","Pre-owned - Good","","","","","","US","","",""
"168575444220",Cartier Captive 35mm WG600011 18K Rose Gold Women's Watch,,18784,"1","FIXED_PRICE","USD",16162.0,,,16162.0,"0","","","Jul-30-26 07:51:35 PDT","Aug-30-26 07:51:35 PDT","Wristwatches","31387","","","Pre-owned - Good","","","","","","US","","",""
"158135270298",Cartier Tank Louis 22x29mm W1541056 18K White Gold Women's Watch,,18783,"1","FIXED_PRICE","USD",9261.0,,,9261.0,"0","","","Jul-30-26 07:51:48 PDT","Aug-30-26 07:51:48 PDT","Wristwatches","31387","","","Pre-owned - Good","","","","","","US","","",""
"158135270610",Cartier Ronde Louis 36mm W6800251 18K Rose Gold Unisex Watch,,18782,"1","FIXED_PRICE","USD",7323.0,,,7323.0,"0","","","Jul-30-26 07:51:56 PDT","Aug-30-26 07:51:56 PDT","Wristwatches","31387","","","Pre-owned - Good","","","","","","US","","",""
"188717361739",Patek Philippe Annual Calendar 38.5mm 5396G 18K White Gold Men's Watch,,18780,"1","FIXED_PRICE","USD",34805.0,,,34805.0,"0","","","Jul-30-26 07:52:20 PDT","Aug-30-26 07:52:20 PDT","Wristwatches","31387","","","Pre-owned - Good","","","","","","US","","",""
"168575444881",Cartier Santos Dumont 44.6x34.6mm W2006951 18K Rose Gold Unisex Watch,,18779,"1","FIXED_PRICE","USD",10600.0,,,10600.0,"0","2","0","Jul-30-26 07:52:52 PDT","Aug-30-26 07:52:52 PDT","Wristwatches","31387","","","Pre-owned - Good","","","","","","US","","",""
"168575445023",Cartier Ronde Louis 36mm W6800251 18K Rose Gold Unisex Watch,,18777,"1","FIXED_PRICE","USD",7376.0,,,7376.0,"0","1","0","Jul-30-26 07:53:15 PDT","Aug-30-26 07:53:15 PDT","Wristwatches","31387","","","Pre-owned - Good","","","","","","US","","",""
"168575445134",Cartier Délices de Cartier 30mm WG800013 18K Rose Gold Women's Watch,,18776,"1","FIXED_PRICE","USD",12145.0,,,12145.0,"0","1","0","Jul-30-26 07:53:27 PDT","Aug-30-26 07:53:27 PDT","Wristwatches","31387","","","Pre-owned - Good","","","","","","US","","",""
"158135274404",Cartier La Dona 22mm W660012I Stainless Steel Men's Watch,,18775,"1","FIXED_PRICE","USD",5512.0,,,5512.0,"0","1","0","Jul-30-26 07:53:42 PDT","Aug-30-26 07:53:42 PDT","Wristwatches","31387","","","Pre-owned - Good","","","","","","US","","",""
"168575445330",Bulgari/Bvlgari Serpenti Green Dial 27mm 102726 - SPP27C4PGL 18K Gold Watch,,18774,"1","FIXED_PRICE","USD",7269.0,,,7269.0,"0","","","Jul-30-26 07:53:51 PDT","Aug-30-26 07:53:51 PDT","Wristwatches","31387","","","Pre-owned - Good","","","","","","US","","",""
"158135274777",Cartier Love 23mm WE800431 18K Yellow Gold Women's Watch,,18773,"1","FIXED_PRICE","USD",6258.0,,,6258.0,"0","","","Jul-30-26 07:54:04 PDT","Aug-30-26 07:54:04 PDT","Wristwatches","31387","","","Pre-owned - Good","","","","","","US","","",""
"188717363889",Cartier Baignoire 32x43mm WB520005 18K Rose Gold Women's Watch,,18772,"1","FIXED_PRICE","USD",20694.0,,,20694.0,"0","","","Jul-30-26 07:54:19 PDT","Aug-30-26 07:54:19 PDT","Wristwatches","31387","","","Pre-owned - Good","","","","","","US","","",""
"188717364132",Cartier Ballon Bleu 33mm W3BB0007 18K Rose Gold Women's Watch,,18771,"1","FIXED_PRICE","USD",8386.0,,,8386.0,"0","1","0","Jul-30-26 07:54:31 PDT","Aug-30-26 07:54:31 PDT","Wristwatches","31387","","","Pre-owned - Good","","","","","","US","","",""
"188717364853",Cartier Tank Americane 28mmx19mm W2601956 18K White Gold Women's Watch,,18768,"1","FIXED_PRICE","USD",7482.0,,,7482.0,"0","","","Jul-30-26 07:55:12 PDT","Aug-30-26 07:55:12 PDT","Wristwatches","31387","","","Pre-owned - Good","","","","","","US","","",""
"168575446171",Cartier Roadster 44x38.5mm W62031Y4 Stainless Steel Unisex Watch,,18767,"1","FIXED_PRICE","USD",8592.0,,,8592.0,"0","","","Jul-30-26 07:55:23 PDT","Aug-30-26 07:55:23 PDT","Wristwatches","31387","","","Pre-owned - Good","","","","","","US","","",""
"158135279127",Cartier Tonneau 21x39mm WE400331 18K Rose Gold Women's Watch,,18766,"1","FIXED_PRICE","USD",12454.0,,,12454.0,"0","2","0","Jul-30-26 07:55:35 PDT","Aug-30-26 07:55:35 PDT","Wristwatches","31387","","","Pre-owned - Good","","","","","","US","","",""
"188717367195",Cartier Ballon Bleu 36mm WJBB0034 18K Rose Gold Men's Watch,,18764,"1","FIXED_PRICE","USD",13227.0,,,13227.0,"0","2","0","Jul-30-26 07:57:08 PDT","Aug-30-26 07:57:08 PDT","Wristwatches","31387","","","Pre-owned - Good","","","","","","US","","",""
"188717367355",Patek Philippe Calatrava  4888G 18K White Gold Unisex Watch,,18763,"1","FIXED_PRICE","USD",19664.0,,,19664.0,"0","2","0","Jul-30-26 07:57:21 PDT","Aug-30-26 07:57:21 PDT","Wristwatches","31387","","","Pre-owned - Good","","","","","","US","","",""
"168575447412",Cartier Tank Louis 29.0x22.0mm W1529856 18K Yellow Gold Women's Watch,,18761,"1","FIXED_PRICE","USD",10446.0,,,10446.0,"0","0","0","Jul-30-26 07:57:42 PDT","Aug-30-26 07:57:42 PDT","Wristwatches","31387","","","Pre-owned - Good","","","","","","US","","",""
"168575447594",Cartier Tortue 43x38mm WA503951 18K Rose Gold Women's Watch,,18756,"1","FIXED_PRICE","USD",19355.0,,,19355.0,"0","","","Jul-30-26 07:58:06 PDT","Aug-30-26 07:58:06 PDT","Wristwatches","31387","","","Pre-owned - Good","","","","","","US","","",""
"188717367986",Cartier Tank Anglaise 39x29.8mm W5310047 18K Gold/Stainless  Watch,,18755,"1","FIXED_PRICE","USD",7536.0,,,7536.0,"0","","","Jul-30-26 07:58:15 PDT","Aug-30-26 07:58:15 PDT","Wristwatches","31387","","","Pre-owned - Good","","","","","","US","","",""
"158135281374",Cartier Ballon Bleu Two Timezone / GMT 38mm W6920011 Stainless Steel Men's Watch,,18754,"1","FIXED_PRICE","USD",5512.0,,,5512.0,"0","1","0","Jul-30-26 07:58:28 PDT","Aug-30-26 07:58:28 PDT","Wristwatches","31387","","","Pre-owned - Good","","","","","","US","","",""
"188717368509",Cartier Délices de Cartier 38x44mm WG800018 18K White Gold Women's Watch,,18752,"1","FIXED_PRICE","USD",13484.0,,,13484.0,"0","","","Jul-30-26 07:58:51 PDT","Aug-30-26 07:58:51 PDT","Wristwatches","31387","","","Pre-owned - Good","","","","","","US","","",""
"168575448167",Cartier Délices de Cartier 38.39x43.81mm WG800017 18K Rose Gold Women's Watch,,18751,"1","FIXED_PRICE","USD",19355.0,,,19355.0,"0","0","0","Jul-30-26 07:59:00 PDT","Aug-30-26 07:59:00 PDT","Wristwatches","31387","","","Pre-owned - Good","","","","","","US","","",""
"168575448440",Cartier Tortue 33x28mm 2645k 18K Rose Gold Women's Watch,,18750,"1","FIXED_PRICE","USD",15235.0,,,15235.0,"0","3","0","Jul-30-26 07:59:16 PDT","Aug-30-26 07:59:16 PDT","Wristwatches","31387","","","Pre-owned - Good","","","","","","US","","",""
"158135282584",Cartier Tank Solo 24x31mm W5200024 18K Gold/Stainless  Watch+,,18749,"1","FIXED_PRICE","USD",7323.0,,,7323.0,"0","1","0","Jul-30-26 07:59:25 PDT","Aug-30-26 07:59:25 PDT","Wristwatches","31387","","","Pre-owned - Good","","","","","","US","","",""
"188717369523",Cartier Ballon Bleu d'Art Elephant Enamel 36mm HPI00331 18K White Gold Watch,,18748,"1","FIXED_PRICE","USD",67250.0,,,67250.0,"0","","","Jul-30-26 07:59:38 PDT","Aug-30-26 07:59:38 PDT","Wristwatches","31387","","","Pre-owned - Good","","","","","","US","","",""
"168575448980",Cartier Ballon Bleu 33mm W6920084 Stainless Steel Women's Watch,,18747,"1","FIXED_PRICE","USD",5512.0,,,5512.0,"0","1","0","Jul-30-26 07:59:50 PDT","Aug-30-26 07:59:50 PDT","Wristwatches","31387","","","Pre-owned - Good","","","","","","US","","",""
"168575449105",Cartier Tank Francaise 20x25mm W5000256 18K Yellow Gold Women's Watch,,18746,"1","FIXED_PRICE","USD",6577.0,,,6577.0,"0","1","0","Jul-30-26 08:00:02 PDT","Aug-30-26 08:00:02 PDT","Wristwatches","31387","","","Pre-owned - Good","","","","","","US","","",""
"158135284248",Cartier Love 23mm WE800431 18K Yellow Gold Women's Watch,,18745,"1","FIXED_PRICE","USD",6258.0,,,6258.0,"0","","","Jul-30-26 08:00:12 PDT","Aug-30-26 08:00:12 PDT","Wristwatches","31387","","","Pre-owned - Good","","","","","","US","","",""
"158135285185",Cartier Ballon Bleu 33mm W6920084 Stainless Steel Women's Watch,,18744,"1","FIXED_PRICE","USD",5352.0,,,5352.0,"0","","","Jul-30-26 08:00:26 PDT","Aug-30-26 08:00:26 PDT","Wristwatches","31387","","","Pre-owned - Good","","","","","","US","","",""
"158135285709",Cartier Tank Solo 24x31mm W5200024 18K Yellow Gold/Stainless Steel Women's Watch,,18743,"1","FIXED_PRICE","USD",7323.0,,,7323.0,"0","","","Jul-30-26 08:00:36 PDT","Aug-30-26 08:00:36 PDT","Wristwatches","31387","","","Pre-owned - Good","","","","","","US","","",""
"168575449611",Cartier Pasha 27mm W3140026 Stainless Steel Women's Watch,,18742,"1","FIXED_PRICE","USD",2796.0,,,2796.0,"0","","","Jul-30-26 08:00:54 PDT","Aug-30-26 08:00:54 PDT","Wristwatches","31387","","","Pre-owned - Good","","","","","","US","","",""
"158135286252",Patek Philippe Calatrava 38mm 5296R-001 18K Yellow Gold Men's Watch,,18741,"1","FIXED_PRICE","USD",24505.0,,,24505.0,"0","4","0","Jul-30-26 08:01:06 PDT","Aug-30-26 08:01:06 PDT","Wristwatches","31387","","","Pre-owned - Good","","","","","","US","","",""
"158135330098",Cartier Tank Normale 20x27mm 78093 18K Yellow Gold Women's Watch,,18841,"1","FIXED_PRICE","USD",20385.0,,,20385.0,"0","2","0","Jul-30-26 08:14:34 PDT","Aug-30-26 08:14:34 PDT","Wristwatches","31387","","","Pre-owned - Good","","","","","","US","","",""
"188722693148",Panerai Luminor Marina 44mm PAM00104 Stainless Steel Men's Watch,,18859,"1","FIXED_PRICE","USD",4660.0,,,4660.0,"0","","","Jul-31-26 09:52:18 PDT","Aug-31-26 09:52:18 PDT","Wristwatches","31387","","","Pre-owned - Good","","","","","","US","","",""
"168585694191",Cartier Calibre De Cartier  42mm W7100015 Stainless Steel Unisex Watch,,18864,"1","FIXED_PRICE","USD",5725.0,,,5725.0,"0","","","Aug-03-26 07:17:23 PDT","Sep-03-26 07:17:23 PDT","Wristwatches","31387","","","Pre-owned - Good","","","","","","US","","",""
"158149879424",Omega Seamaster 36.25mm 2511.81.00 Stainless Steel Unisex Watch,,18846,"1","FIXED_PRICE","USD",2104.0,,,2104.0,"0","1","0","Aug-03-26 07:21:14 PDT","Sep-03-26 07:21:14 PDT","Wristwatches","31387","","","Pre-owned - Good","","","","","","US","","",""
"168585735579",Cartier Calibre De Cartier 42mm W7100036 18K Gold/Stainless  Watch,,18844,"1","FIXED_PRICE","USD",7323.0,,,7323.0,"0","0","0","Aug-03-26 07:42:50 PDT","Sep-03-26 07:42:50 PDT","Wristwatches","31387","","","Pre-owned - Good","","","","","","US","","",""